{"files":{"child-weight-9b480d79f8ed536c942e4f9b0f086ce5.jpg":{"logical_path":"child-weight.jpg","mtime":"2015-05-29T13:09:53+01:00","size":22647,"digest":"9b480d79f8ed536c942e4f9b0f086ce5"},"paediatricbariatricfavicon-bd6398cc41325ebb98f19069f9bced1b.png":{"logical_path":"paediatricbariatricfavicon.png","mtime":"2015-05-29T18:08:49+01:00","size":492,"digest":"bd6398cc41325ebb98f19069f9bced1b"},"application-d7cbc16a0f9f43b5aafe129dcdec693b.js":{"logical_path":"application.js","mtime":"2015-05-29T22:57:32+01:00","size":152202,"digest":"d7cbc16a0f9f43b5aafe129dcdec693b"},"application-f024033bff788d9cc3c2239436aa2b41.css":{"logical_path":"application.css","mtime":"2015-05-29T22:57:32+01:00","size":233903,"digest":"f024033bff788d9cc3c2239436aa2b41"},"bootstrap/glyphicons-halflings-regular-e6160e6c43eeff71a404139a6c96ee2c.eot":{"logical_path":"bootstrap/glyphicons-halflings-regular.eot","mtime":"2015-05-29T22:57:32+01:00","size":20127,"digest":"e6160e6c43eeff71a404139a6c96ee2c"},"bootstrap/glyphicons-halflings-regular-d890d8ef4a96442989a8ab37f090f1e1.svg":{"logical_path":"bootstrap/glyphicons-halflings-regular.svg","mtime":"2015-05-29T22:57:32+01:00","size":108738,"digest":"d890d8ef4a96442989a8ab37f090f1e1"},"bootstrap/glyphicons-halflings-regular-06086e27cd17e197f0fb9d4969fc25df.ttf":{"logical_path":"bootstrap/glyphicons-halflings-regular.ttf","mtime":"2015-05-29T22:57:32+01:00","size":45404,"digest":"06086e27cd17e197f0fb9d4969fc25df"},"bootstrap/glyphicons-halflings-regular-962a02b6176e21f431d5fbc5c20a91a9.woff":{"logical_path":"bootstrap/glyphicons-halflings-regular.woff","mtime":"2015-05-29T22:57:32+01:00","size":23424,"digest":"962a02b6176e21f431d5fbc5c20a91a9"},"bootstrap/glyphicons-halflings-regular-ae5e66ee3590a690e0da36e80189892f.woff2":{"logical_path":"bootstrap/glyphicons-halflings-regular.woff2","mtime":"2015-05-29T22:57:32+01:00","size":18028,"digest":"ae5e66ee3590a690e0da36e80189892f"},"fontawesome-webfont-3bd80db490d8a1821351f21cf22b1c4a.eot":{"logical_path":"fontawesome-webfont.eot","mtime":"2015-05-30T00:32:13+01:00","size":72449,"digest":"3bd80db490d8a1821351f21cf22b1c4a"},"fontawesome-webfont-964d71dbc6eeb949f3c0bb6e16ff18a0.svg":{"logical_path":"fontawesome-webfont.svg","mtime":"2015-05-30T00:32:13+01:00","size":253487,"digest":"964d71dbc6eeb949f3c0bb6e16ff18a0"},"fontawesome-webfont-c84070a7e733a377b200d1386669f82f.ttf":{"logical_path":"fontawesome-webfont.ttf","mtime":"2015-05-30T00:32:13+01:00","size":141564,"digest":"c84070a7e733a377b200d1386669f82f"},"fontawesome-webfont-d06d467b0811d84de1ec61b0a81d81c5.woff":{"logical_path":"fontawesome-webfont.woff","mtime":"2015-05-30T00:32:13+01:00","size":83760,"digest":"d06d467b0811d84de1ec61b0a81d81c5"},"glyphicons-halflings-regular-f483a5f127ff6d43e0221c91038379f0.eot":{"logical_path":"glyphicons-halflings-regular.eot","mtime":"2015-05-30T00:32:13+01:00","size":20290,"digest":"f483a5f127ff6d43e0221c91038379f0"},"glyphicons-halflings-regular-ce8bca759df6b7f3ba915317693c4b89.svg":{"logical_path":"glyphicons-halflings-regular.svg","mtime":"2015-05-30T00:32:13+01:00","size":62850,"digest":"ce8bca759df6b7f3ba915317693c4b89"},"glyphicons-halflings-regular-29398ff2f3352ed4f2884c27db72071a.ttf":{"logical_path":"glyphicons-halflings-regular.ttf","mtime":"2015-05-30T00:32:13+01:00","size":41236,"digest":"29398ff2f3352ed4f2884c27db72071a"},"glyphicons-halflings-regular-63c3f5626552ee72f720725aae1cf948.woff":{"logical_path":"glyphicons-halflings-regular.woff","mtime":"2015-05-30T00:32:13+01:00","size":23292,"digest":"63c3f5626552ee72f720725aae1cf948"},"twitter/bootstrap/glyphicons-halflings-white-d88a720762083789df94e478ac59e2e7.png":{"logical_path":"twitter/bootstrap/glyphicons-halflings-white.png","mtime":"2015-05-30T00:32:13+01:00","size":8777,"digest":"d88a720762083789df94e478ac59e2e7"},"twitter/bootstrap/glyphicons-halflings-c7456fae74f640fc1c1bdd61fc4b6cf3.png":{"logical_path":"twitter/bootstrap/glyphicons-halflings.png","mtime":"2015-05-30T00:32:13+01:00","size":12799,"digest":"c7456fae74f640fc1c1bdd61fc4b6cf3"}},"assets":{"child-weight.jpg":"child-weight-9b480d79f8ed536c942e4f9b0f086ce5.jpg","paediatricbariatricfavicon.png":"paediatricbariatricfavicon-bd6398cc41325ebb98f19069f9bced1b.png","application.js":"application-d7cbc16a0f9f43b5aafe129dcdec693b.js","application.css":"application-f024033bff788d9cc3c2239436aa2b41.css","bootstrap/glyphicons-halflings-regular.eot":"bootstrap/glyphicons-halflings-regular-e6160e6c43eeff71a404139a6c96ee2c.eot","bootstrap/glyphicons-halflings-regular.svg":"bootstrap/glyphicons-halflings-regular-d890d8ef4a96442989a8ab37f090f1e1.svg","bootstrap/glyphicons-halflings-regular.ttf":"bootstrap/glyphicons-halflings-regular-06086e27cd17e197f0fb9d4969fc25df.ttf","bootstrap/glyphicons-halflings-regular.woff":"bootstrap/glyphicons-halflings-regular-962a02b6176e21f431d5fbc5c20a91a9.woff","bootstrap/glyphicons-halflings-regular.woff2":"bootstrap/glyphicons-halflings-regular-ae5e66ee3590a690e0da36e80189892f.woff2","fontawesome-webfont.eot":"fontawesome-webfont-3bd80db490d8a1821351f21cf22b1c4a.eot","fontawesome-webfont.svg":"fontawesome-webfont-964d71dbc6eeb949f3c0bb6e16ff18a0.svg","fontawesome-webfont.ttf":"fontawesome-webfont-c84070a7e733a377b200d1386669f82f.ttf","fontawesome-webfont.woff":"fontawesome-webfont-d06d467b0811d84de1ec61b0a81d81c5.woff","glyphicons-halflings-regular.eot":"glyphicons-halflings-regular-f483a5f127ff6d43e0221c91038379f0.eot","glyphicons-halflings-regular.svg":"glyphicons-halflings-regular-ce8bca759df6b7f3ba915317693c4b89.svg","glyphicons-halflings-regular.ttf":"glyphicons-halflings-regular-29398ff2f3352ed4f2884c27db72071a.ttf","glyphicons-halflings-regular.woff":"glyphicons-halflings-regular-63c3f5626552ee72f720725aae1cf948.woff","twitter/bootstrap/glyphicons-halflings-white.png":"twitter/bootstrap/glyphicons-halflings-white-d88a720762083789df94e478ac59e2e7.png","twitter/bootstrap/glyphicons-halflings.png":"twitter/bootstrap/glyphicons-halflings-c7456fae74f640fc1c1bdd61fc4b6cf3.png"}}